﻿<?xml version="1.0" encoding="utf-8"?>
<deployment>
  <id>83359ada-df60-4a9e-8d1a-c7b1e3403fe3</id>
  <author>N/A</author>
  <deployer>OneDeploy</deployer>
  <authorEmail>N/A</authorEmail>
  <message>OneDeploy</message>
  <progress></progress>
  <status>Success</status>
  <statusText></statusText>
  <lastSuccessEndTime>2025-10-22T06:09:12.9468758Z</lastSuccessEndTime>
  <receivedTime>2025-10-22T06:09:06.3874237Z</receivedTime>
  <startTime>2025-10-22T06:09:07.9026621Z</startTime>
  <endTime>2025-10-22T06:09:12.9468758Z</endTime>
  <complete>True</complete>
  <is_temp>False</is_temp>
  <is_readonly>True</is_readonly>
  <buildSummary />
</deployment>