<step title="BackgroundTrace" date="2025-10-24T07:46:04.347" instance="cc7865" url="/api/zipdeploy" method="POST" >
  <step title="Cleanup Xml Logs" date="2025-10-24T07:46:04.366" /><!-- duration: 15ms -->
  <step title="Creating temporary deployment - FetchDeploymentManager" date="2025-10-24T07:46:04.466" /><!-- duration: 3ms -->
  <step title="Creating temporary deployment" date="2025-10-24T07:46:04.473" /><!-- duration: 136ms -->
  <step title="Performing fetch based deployment" date="2025-10-24T07:46:04.674" >
    <step title="Cleaning up temp folders from previous zip deployments and extracting pushed zip file /tmp/zipdeploy/7f9bdb4f-8448-422b-901e-8767b29e8989.zip (40.76 MB) to /tmp/zipdeploy/extracted" date="2025-10-24T07:46:05.962" >
      <step title="ChmodRecursive Process exited with total time taken in ms: 576" date="2025-10-24T07:46:22.492" /><!-- duration: 8ms -->
    </step><!-- duration: 16558ms -->
    <step title="Deployment timer started" date="2025-10-24T07:46:24.607" >
      <step title="DeploymentManager.Deploy(id:b31e73a0-ce6b-4e67-aec8-3d234246cdef)" date="2025-10-24T07:46:24.664" >
        <step title="Collecting changeset information" date="2025-10-24T07:46:24.744" /><!-- duration: 121ms -->
        <step title="Updating submodules" date="2025-10-24T07:46:24.872" /><!-- duration: 1135ms -->
        <step title="Determining deployment builder" date="2025-10-24T07:46:26.250" >
          <step title="Builder is BasicBuilder" date="2025-10-24T07:46:26.275" /><!-- duration: 4ms -->
        </step><!-- duration: 33ms -->
        <step title="PreDeployment: context.CleanOutputPath False" date="2025-10-24T07:46:26.370" >
          <step title="PreDeployment: context.OutputPath /home/site/wwwroot" date="2025-10-24T07:46:26.533" >
            <step title="Building" date="2025-10-24T07:46:26.692" >
              <step title="Executing external process" date="2025-10-24T07:46:27.361" type="process" path="starter.sh" arguments="/opt/Kudu/Scripts/absoluteTar.sh /tmp/zipdeploy/extracted/node_modules /tmp/zipdeploy/extracted/node_modules.tar.gz" /><!-- duration: 11520ms -->
              <step title="Executing external process" date="2025-10-24T07:46:39.425" type="process" path="starter.sh" arguments="/opt/Kudu/Scripts/parallel_rsync.sh /tmp/zipdeploy/extracted /home/site/wwwroot 8 /tmp/ False True node_modules " /><!-- duration: 22147ms -->
              <step title="Triggering recycle (preview mode disabled)." date="2025-10-24T07:47:02.496" /><!-- duration: 10ms -->
              <step title="Modified file to trigger a restart of the app container." date="2025-10-24T07:47:02.584" /><!-- duration: 39ms -->
              <step title="Skip function trigger and logicapp sync because function is not enabled." date="2025-10-24T07:47:02.635" /><!-- duration: 26ms -->
              <step title="Purge deployment items" date="2025-10-24T07:47:04.156" >
                <step title="Remove 61df09df-, Success, received at 10/22/2025 05:08:14" date="2025-10-24T07:47:04.232" /><!-- duration: 4ms -->
              </step><!-- duration: 86ms -->
            </step><!-- duration: 37650ms -->
          </step><!-- duration: 37821ms -->
          <step title="Cleaning up temp files" date="2025-10-24T07:47:04.371" /><!-- duration: 20ms -->
          <step title="Cleaning up temp files" date="2025-10-24T07:47:04.402" /><!-- duration: 528ms -->
          <step title="Reloading status file with latest updates" date="2025-10-24T07:47:04.972" >
            <step title="WebHooksManager.PublishEventAsync: PostDeployment" date="2025-10-24T07:47:04.978" /><!-- duration: 48ms -->
          </step><!-- duration: 57ms -->
          <step title="Cleaning up temporary deployment - fetch deployment was successful" date="2025-10-24T07:47:05.039" /><!-- duration: 3ms -->
        </step><!-- duration: 38758ms -->
      </step><!-- duration: 40508ms -->
