<step title="Incoming Request" date="2025-10-24T07:25:17.230" instance="cc7865" url="/api/publish?type=zip" method="POST" type="request" pid="823,1,7" Accept="*/*" Host="ecommerce-backend-1761025938.scm.azurewebsites.net" User-Agent="AZURECLI/2.78.0 (HOMEBREW)" Accept-Encoding="gzip, deflate" Authorization="Bea..." Cache-Control="no-cache" Content-Type="application/octet-stream" Cookie="ARRAffinity=cc78658cb8eeb0ca1c3edd2537484eef666f84be5237818c9ada96ba343960b8; ARRAffinitySameSite=cc78658cb8eeb0ca1c3edd2537484eef666f84be5237818c9ada96ba343960b8" Content-Length="42739158" x-ms-client-request-id="79eed556-b0aa-11f0-b9e9-12dc909c9ab0" x-ms-artifact-checksum="69268a960f5e6662403310348155464f90e2525508fe81e01bfd5f0ca9da5118" X-ARR-LOG-ID="79eed556-b0aa-11f0-b9e9-12dc909c9ab0" CLIENT-IP="115.112.126.114:25756" X-SITE-DEPLOYMENT-ID="ecommerce-backend-1761025938" WAS-DEFAULT-HOSTNAME="ecommerce-backend-1761025938.scm.azurewebsites.net" X-Forwarded-Proto="https" X-AppService-Proto="https" X-Forwarded-TlsVersion="1.3" X-WAWS-Unencoded-URL="/api/publish?type=zip" X-Client-IP="115.112.126.114" X-Client-Port="25756" >
  <step title="Cleanup Xml Logs" date="2025-10-24T07:25:17.239" /><!-- duration: 29ms -->
  <step title="OneDeploy" date="2025-10-24T07:25:17.523" >
    <step title="None repository commit" date="2025-10-24T07:25:17.570" >
      <step title="Commit id: c35a397e-dd6c-4380-b150-b0693a036b50" date="2025-10-24T07:25:17.574" Message="N/A" AuthorName="N/A" AuthorEmail="N/A" /><!-- duration: 9ms -->
    </step><!-- duration: 15ms -->
    <step title="Starting PushDeployAsync" date="2025-10-24T07:25:17.589" /><!-- duration: 4ms -->
    <step title="Writing artifact to /tmp/zipdeploy/68e6cd4d-2af7-4a8e-8e2a-3a380589ee48.zip" date="2025-10-24T07:25:17.622" >
      <step title="Writing multipart request body to /tmp/zipdeploy/68e6cd4d-2af7-4a8e-8e2a-3a380589ee48.zip" date="2025-10-24T07:25:17.632" /><!-- duration: 8ms -->
    </step><!-- duration: 208478ms -->
    <step title="Attempting to fetch target branch HEAD" date="2025-10-24T07:28:46.121" /><!-- duration: 3ms -->
    <step title="Acquiring Deployment Lock" date="2025-10-24T07:28:46.130" /><!-- duration: 12ms -->
    <step title="Acquired Deployment Lock" date="2025-10-24T07:28:46.180" /><!-- duration: 3ms -->
    <step title="Performing fetch based deployment" date="2025-10-24T07:28:46.191" >
      <step title="Creating temporary deployment" date="2025-10-24T07:28:46.196" /><!-- duration: 71ms -->
      <step title="Releasing Deployment Lock" date="2025-10-24T07:28:47.428" /><!-- duration: 8ms -->
      <step title="Cleaning up temp folders from previous zip deployments and extracting pushed zip file /tmp/zipdeploy/68e6cd4d-2af7-4a8e-8e2a-3a380589ee48.zip (40.76 MB) to /tmp/zipdeploy/extracted" date="2025-10-24T07:28:47.483" >
        <step title="ChmodRecursive Process exited with total time taken in ms: 760" date="2025-10-24T07:29:01.586" /><!-- duration: 11ms -->
      </step><!-- duration: 14143ms -->
      <step title="None repository commit" date="2025-10-24T07:29:01.635" >
        <step title="Commit id: c35a397e-dd6c-4380-b150-b0693a036b50" date="2025-10-24T07:29:01.647" Message="OneDeploy" AuthorName="N/A" AuthorEmail="N/A" /><!-- duration: 3ms -->
      </step><!-- duration: 20ms -->
      <step title="Deployment timer started" date="2025-10-24T07:29:03.662" >
        <step title="DeploymentManager.Deploy(id:c35a397e-dd6c-4380-b150-b0693a036b50)" date="2025-10-24T07:29:03.669" >
          <step title="Collecting changeset information" date="2025-10-24T07:29:03.684" /><!-- duration: 93ms -->
          <step title="Updating submodules" date="2025-10-24T07:29:03.782" /><!-- duration: 1156ms -->
          <step title="Determining deployment builder" date="2025-10-24T07:29:05.191" >
            <step title="Builder is OneDeployBuilder" date="2025-10-24T07:29:05.201" /><!-- duration: 3ms -->
          </step><!-- duration: 21ms -->
          <step title="PreDeployment: context.CleanOutputPath False" date="2025-10-24T07:29:05.270" >
            <step title="PreDeployment: context.OutputPath /home/site/wwwroot" date="2025-10-24T07:29:05.451" >
              <step title="Building" date="2025-10-24T07:29:05.608" >
                <step title="Executing external process" date="2025-10-24T07:29:06.377" type="process" path="starter.sh" arguments="/opt/Kudu/Scripts/absoluteTar.sh /tmp/zipdeploy/extracted/node_modules /tmp/zipdeploy/extracted/node_modules.tar.gz" /><!-- duration: 13210ms -->
                <step title="Executing external process" date="2025-10-24T07:29:19.889" type="process" path="starter.sh" arguments="/opt/Kudu/Scripts/parallel_rsync.sh /tmp/zipdeploy/extracted /home/site/wwwroot 8 /tmp/ False False node_modules " >
                  <step title="Cpu: rsync(949,0.290s)+rsync(936,0.140s)+rsync(927,0.560s)+bash(922,0.000s)+rsync(947,0.200s)+rsync(937,0.150s)+rsync(928,0.390s)+bash(923,0.000s)+rsync(950,0.190s)+rsync(941,0.130s)+rsync(933,0.410s)+bash(924,0.000s)+rsync(952,0.220s)+rsync(943,0.140s)+rsync(929,0.450s)+bash(925,0.000s)+rsync(948,0.210s)+rsync(934,0.140s)+rsync(930,0.410s)+bash(926,0.000s)+rsync(946,0.210s)+rsync(942,0.140s)+rsync(940,0.370s)+bash(931,0.000s)+rsync(951,0.200s)+rsync(945,0.210s)+rsync(938,0.410s)+bash(932,0.000s)+rsync(953,0.180s)+rsync(944,0.150s)+rsync(939,0.500s)+bash(935,0.000s)+xargs(921,0.010s)+parallel_rsync.sh(913,0.000s)=total(6.410s)" date="2025-10-24T07:30:22.187" /><!-- duration: 31ms -->
                  <step title="starter.sh: no io activity for 61s, prev-cpu=-1.000s, current-cpu=6.410s" date="2025-10-24T07:30:22.245" /><!-- duration: 20ms -->
                  <step title="Cpu: rsync(949,0.500s)+rsync(936,0.140s)+rsync(927,0.650s)+bash(922,0.000s)+rsync(947,0.430s)+rsync(937,0.150s)+rsync(928,0.420s)+bash(923,0.000s)+rsync(950,0.400s)+rsync(941,0.130s)+rsync(933,0.450s)+bash(924,0.000s)+rsync(952,0.430s)+rsync(943,0.140s)+rsync(929,0.500s)+bash(925,0.000s)+rsync(948,0.430s)+rsync(934,0.140s)+rsync(930,0.440s)+bash(926,0.000s)+rsync(946,0.440s)+rsync(942,0.140s)+rsync(940,0.450s)+bash(931,0.000s)+rsync(951,0.420s)+rsync(945,0.210s)+rsync(938,0.460s)+bash(932,0.000s)+rsync(953,0.410s)+rsync(944,0.150s)+rsync(939,0.540s)+bash(935,0.000s)+xargs(921,0.010s)+parallel_rsync.sh(913,0.000s)=total(8.570s)" date="2025-10-24T07:31:22.460" /><!-- duration: 52ms -->
                  <step title="starter.sh: no io activity for 121s, prev-cpu=6.410s, current-cpu=8.570s" date="2025-10-24T07:31:22.520" /><!-- duration: 46ms -->
                </step><!-- duration: 178941ms -->
                <step title="Modified file to trigger a restart of the app container." date="2025-10-24T07:32:21.063" /><!-- duration: 11ms -->
                <step title="Skip function trigger and logicapp sync because function is not enabled." date="2025-10-24T07:32:21.404" /><!-- duration: 9ms -->
                <step title="Purge deployment items" date="2025-10-24T07:32:24.663" >
                  <step title="Remove 9e7a645e-, Success, received at 10/22/2025 04:43:18" date="2025-10-24T07:32:24.828" /><!-- duration: 10ms -->
                </step><!-- duration: 185ms -->
              </step><!-- duration: 199541ms -->
            </step><!-- duration: 199717ms -->
            <step title="Cleaning up temp files" date="2025-10-24T07:32:25.177" /><!-- duration: 32ms -->
            <step title="Cleaning up temp files" date="2025-10-24T07:32:25.219" /><!-- duration: 646ms -->
            <step title="Reloading status file with latest updates" date="2025-10-24T07:32:26.001" >
              <step title="WebHooksManager.PublishEventAsync: PostDeployment" date="2025-10-24T07:32:26.013" /><!-- duration: 769ms -->
            </step><!-- duration: 799ms -->
            <step title="Cleaning up temporary deployment - fetch deployment was successful" date="2025-10-24T07:32:26.839" /><!-- duration: 9ms -->
          </step><!-- duration: 201694ms -->
        </step><!-- duration: 203501ms -->
        <step title="Outgoing response" date="2025-10-24T07:32:27.422" type="response" statusCode="200" statusText="OK" /><!-- duration: 18ms -->
      </step><!-- duration: 203791ms -->
