<step title="Incoming Request" date="2025-10-22T05:08:09.662" instance="b52a0e" url="/api/publish?type=zip" method="POST" type="request" pid="822,1,47" Accept="*/*" Host="ecommerce-backend-1761025938.scm.azurewebsites.net" User-Agent="AZURECLI/2.78.0 (HOMEBREW)" Accept-Encoding="gzip, deflate" Authorization="Bea..." Cache-Control="no-cache" Content-Type="application/octet-stream" Cookie="ARRAffinity=b52a0e95239a69ec1d51e27f609b0a5686f7c63777a6973635d661be711de39f; ARRAffinitySameSite=b52a0e95239a69ec1d51e27f609b0a5686f7c63777a6973635d661be711de39f" Content-Length="73396" x-ms-client-request-id="0f4ffa0a-af05-11f0-b58e-12dc909c9aaf" x-ms-artifact-checksum="b7cde40a561f7f193bec3c9dfd90f2603327a69bc2fa32935f372165e45a1504" X-ARR-LOG-ID="0f4ffa0a-af05-11f0-b58e-12dc909c9aaf" CLIENT-IP="115.112.126.114:63253" X-SITE-DEPLOYMENT-ID="ecommerce-backend-1761025938" WAS-DEFAULT-HOSTNAME="ecommerce-backend-1761025938.scm.azurewebsites.net" X-Forwarded-Proto="https" X-AppService-Proto="https" X-Forwarded-TlsVersion="1.3" X-WAWS-Unencoded-URL="/api/publish?type=zip" X-Client-IP="115.112.126.114" X-Client-Port="63253" >
  <step title="OneDeploy" date="2025-10-22T05:08:09.775" >
    <step title="Starting PushDeployAsync" date="2025-10-22T05:08:09.801" /><!-- duration: 27ms -->
    <step title="Writing artifact to /tmp/zipdeploy/13bdd8ad-e7b7-4318-b77e-494a0d06af5c.zip" date="2025-10-22T05:08:09.866" >
      <step title="Writing multipart request body to /tmp/zipdeploy/13bdd8ad-e7b7-4318-b77e-494a0d06af5c.zip" date="2025-10-22T05:08:09.914" /><!-- duration: 37ms -->
    </step><!-- duration: 466ms -->
    <step title="Attempting to fetch target branch HEAD" date="2025-10-22T05:08:10.408" /><!-- duration: 37ms -->
    <step title="Acquiring Deployment Lock" date="2025-10-22T05:08:10.483" /><!-- duration: 19ms -->
    <step title="Acquired Deployment Lock" date="2025-10-22T05:08:10.622" /><!-- duration: 13ms -->
    <step title="Performing fetch based deployment" date="2025-10-22T05:08:10.663" >
      <step title="Creating temporary deployment" date="2025-10-22T05:08:10.681" /><!-- duration: 191ms -->
      <step title="Releasing Deployment Lock" date="2025-10-22T05:08:12.257" /><!-- duration: 9ms -->
      <step title="Cleaning up temp folders from previous zip deployments and extracting pushed zip file /tmp/zipdeploy/13bdd8ad-e7b7-4318-b77e-494a0d06af5c.zip (0.07 MB) to /tmp/zipdeploy/extracted" date="2025-10-22T05:08:12.341" >
        <step title="ChmodRecursive Process exited with total time taken in ms: 57" date="2025-10-22T05:08:12.499" /><!-- duration: 9ms -->
      </step><!-- duration: 174ms -->
      <step title="None repository commit" date="2025-10-22T05:08:12.520" >
        <step title="Commit id: 61df09df-94a6-41b5-9639-c5a8c2443436" date="2025-10-22T05:08:12.544" Message="OneDeploy" AuthorName="N/A" AuthorEmail="N/A" /><!-- duration: 4ms -->
      </step><!-- duration: 37ms -->
      <step title="Deployment timer started" date="2025-10-22T05:08:14.568" >
        <step title="DeploymentManager.Deploy(id:61df09df-94a6-41b5-9639-c5a8c2443436)" date="2025-10-22T05:08:14.574" >
          <step title="Collecting changeset information" date="2025-10-22T05:08:14.603" /><!-- duration: 107ms -->
          <step title="Updating submodules" date="2025-10-22T05:08:14.716" /><!-- duration: 1127ms -->
          <step title="Determining deployment builder" date="2025-10-22T05:08:16.073" >
            <step title="Builder is OneDeployBuilder" date="2025-10-22T05:08:16.091" /><!-- duration: 3ms -->
          </step><!-- duration: 26ms -->
          <step title="PreDeployment: context.CleanOutputPath False" date="2025-10-22T05:08:16.160" >
            <step title="PreDeployment: context.OutputPath /home/site/wwwroot" date="2025-10-22T05:08:16.279" >
              <step title="Building" date="2025-10-22T05:08:16.421" >
                <step title="Executing external process" date="2025-10-22T05:08:16.903" type="process" path="starter.sh" arguments="/opt/Kudu/Scripts/parallel_rsync.sh /tmp/zipdeploy/extracted /home/site/wwwroot 8 /tmp/ False False  " /><!-- duration: 7616ms -->
                <step title="Modified file to trigger a restart of the app container." date="2025-10-22T05:08:25.062" /><!-- duration: 5ms -->
                <step title="Skip function trigger and logicapp sync because function is not enabled." date="2025-10-22T05:08:25.076" /><!-- duration: 8ms -->
              </step><!-- duration: 9566ms -->
            </step><!-- duration: 9720ms -->
            <step title="Cleaning up temp files" date="2025-10-22T05:08:26.010" /><!-- duration: 27ms -->
            <step title="Cleaning up temp files" date="2025-10-22T05:08:26.088" /><!-- duration: 516ms -->
            <step title="Reloading status file with latest updates" date="2025-10-22T05:08:26.635" >
              <step title="WebHooksManager.PublishEventAsync: PostDeployment" date="2025-10-22T05:08:26.641" /><!-- duration: 44ms -->
            </step><!-- duration: 55ms -->
            <step title="Cleaning up temporary deployment - fetch deployment was successful" date="2025-10-22T05:08:26.696" /><!-- duration: 3ms -->
          </step><!-- duration: 10613ms -->
        </step><!-- duration: 12204ms -->
        <step title="Outgoing response" date="2025-10-22T05:08:26.790" type="response" statusCode="200" statusText="OK" /><!-- duration: 9ms -->
      </step><!-- duration: 12247ms -->
