<step title="Incoming Request" date="2025-10-22T06:09:01.788" instance="b52a0e" url="/api/publish?type=zip" method="POST" type="request" pid="822,1,22" Accept="*/*" Host="ecommerce-backend-1761025938.scm.azurewebsites.net" User-Agent="AZURECLI/2.78.0 (HOMEBREW)" Accept-Encoding="gzip, deflate" Authorization="Bea..." Cache-Control="no-cache" Content-Type="application/octet-stream" Cookie="ARRAffinity=b52a0e95239a69ec1d51e27f609b0a5686f7c63777a6973635d661be711de39f; ARRAffinitySameSite=b52a0e95239a69ec1d51e27f609b0a5686f7c63777a6973635d661be711de39f" Content-Length="57539" x-ms-client-request-id="91d0be9e-af0d-11f0-af20-12dc909c9aaf" x-ms-artifact-checksum="ebd3221527d7dc44b692806be68dee1deeb53afffaf802a00986973097a1322f" X-ARR-LOG-ID="91d0be9e-af0d-11f0-af20-12dc909c9aaf" CLIENT-IP="115.112.126.114:35321" X-SITE-DEPLOYMENT-ID="ecommerce-backend-1761025938" WAS-DEFAULT-HOSTNAME="ecommerce-backend-1761025938.scm.azurewebsites.net" X-Forwarded-Proto="https" X-AppService-Proto="https" X-Forwarded-TlsVersion="1.3" X-WAWS-Unencoded-URL="/api/publish?type=zip" X-Client-IP="115.112.126.114" X-Client-Port="35321" >
  <step title="OneDeploy" date="2025-10-22T06:09:01.807" >
    <step title="Starting PushDeployAsync" date="2025-10-22T06:09:01.871" /><!-- duration: 4ms -->
    <step title="Writing artifact to /tmp/zipdeploy/296b9ccd-91c4-4b20-8496-74a4e973fd28.zip" date="2025-10-22T06:09:01.901" >
      <step title="Writing multipart request body to /tmp/zipdeploy/296b9ccd-91c4-4b20-8496-74a4e973fd28.zip" date="2025-10-22T06:09:01.922" /><!-- duration: 10ms -->
    </step><!-- duration: 690ms -->
    <step title="Attempting to fetch target branch HEAD" date="2025-10-22T06:09:02.609" /><!-- duration: 7ms -->
    <step title="Acquiring Deployment Lock" date="2025-10-22T06:09:02.621" /><!-- duration: 7ms -->
    <step title="Acquired Deployment Lock" date="2025-10-22T06:09:02.687" /><!-- duration: 29ms -->
    <step title="Performing fetch based deployment" date="2025-10-22T06:09:02.736" >
      <step title="Creating temporary deployment" date="2025-10-22T06:09:02.740" /><!-- duration: 69ms -->
      <step title="Releasing Deployment Lock" date="2025-10-22T06:09:04.027" /><!-- duration: 17ms -->
      <step title="Cleaning up temp folders from previous zip deployments and extracting pushed zip file /tmp/zipdeploy/296b9ccd-91c4-4b20-8496-74a4e973fd28.zip (0.05 MB) to /tmp/zipdeploy/extracted" date="2025-10-22T06:09:04.143" >
        <step title="ChmodRecursive Process exited with total time taken in ms: 94" date="2025-10-22T06:09:04.293" /><!-- duration: 8ms -->
      </step><!-- duration: 164ms -->
      <step title="None repository commit" date="2025-10-22T06:09:04.322" >
        <step title="Commit id: 83359ada-df60-4a9e-8d1a-c7b1e3403fe3" date="2025-10-22T06:09:04.330" Message="OneDeploy" AuthorName="N/A" AuthorEmail="N/A" /><!-- duration: 4ms -->
      </step><!-- duration: 18ms -->
      <step title="Deployment timer started" date="2025-10-22T06:09:06.344" >
        <step title="DeploymentManager.Deploy(id:83359ada-df60-4a9e-8d1a-c7b1e3403fe3)" date="2025-10-22T06:09:06.353" >
          <step title="Collecting changeset information" date="2025-10-22T06:09:06.366" /><!-- duration: 110ms -->
          <step title="Updating submodules" date="2025-10-22T06:09:06.507" /><!-- duration: 1192ms -->
          <step title="Determining deployment builder" date="2025-10-22T06:09:07.989" >
            <step title="Builder is OneDeployBuilder" date="2025-10-22T06:09:08.002" /><!-- duration: 6ms -->
          </step><!-- duration: 23ms -->
          <step title="PreDeployment: context.CleanOutputPath False" date="2025-10-22T06:09:08.083" >
            <step title="PreDeployment: context.OutputPath /home/site/wwwroot" date="2025-10-22T06:09:08.213" >
              <step title="Building" date="2025-10-22T06:09:08.366" >
                <step title="Executing external process" date="2025-10-22T06:09:08.961" type="process" path="starter.sh" arguments="/opt/Kudu/Scripts/parallel_rsync.sh /tmp/zipdeploy/extracted /home/site/wwwroot 8 /tmp/ False False  " /><!-- duration: 2976ms -->
                <step title="Modified file to trigger a restart of the app container." date="2025-10-22T06:09:12.380" /><!-- duration: 5ms -->
                <step title="Skip function trigger and logicapp sync because function is not enabled." date="2025-10-22T06:09:12.389" /><!-- duration: 6ms -->
                <step title="Purge deployment items" date="2025-10-22T06:09:14.676" >
                  <step title="Remove a621e7d7-, Success, received at 10/22/2025 04:10:45" date="2025-10-22T06:09:14.961" /><!-- duration: 37ms -->
                </step><!-- duration: 348ms -->
              </step><!-- duration: 6854ms -->
            </step><!-- duration: 7018ms -->
            <step title="Cleaning up temp files" date="2025-10-22T06:09:15.241" /><!-- duration: 34ms -->
            <step title="Cleaning up temp files" date="2025-10-22T06:09:15.298" /><!-- duration: 529ms -->
            <step title="Reloading status file with latest updates" date="2025-10-22T06:09:16.001" >
              <step title="WebHooksManager.PublishEventAsync: PostDeployment" date="2025-10-22T06:09:16.019" /><!-- duration: 179ms -->
            </step><!-- duration: 265ms -->
            <step title="Cleaning up temporary deployment - fetch deployment was successful" date="2025-10-22T06:09:16.315" /><!-- duration: 10ms -->
          </step><!-- duration: 8403ms -->
        </step><!-- duration: 10161ms -->
        <step title="Outgoing response" date="2025-10-22T06:09:16.525" type="response" statusCode="200" statusText="OK" /><!-- duration: 20ms -->
      </step><!-- duration: 10211ms -->
