<step title="Incoming Request" date="2025-10-24T07:11:06.917" instance="cc7865" url="/api/publish?type=zip" method="POST" type="request" pid="823,1,5" Accept="*/*" Host="ecommerce-backend-1761025938.scm.azurewebsites.net" User-Agent="AZURECLI/2.78.0 (HOMEBREW)" Accept-Encoding="gzip, deflate" Authorization="Bea..." Cache-Control="no-cache" Content-Type="application/octet-stream" Content-Length="73358" x-ms-client-request-id="803059a0-b0a8-11f0-8d7e-12dc909c9ab0" x-ms-artifact-checksum="f4a90a7d557fe7ca731563aec3a99b8c68dadb612f8c9fe0081108fd3dbf5d6f" X-ARR-LOG-ID="803059a0-b0a8-11f0-8d7e-12dc909c9ab0" CLIENT-IP="115.112.126.114:39728" X-SITE-DEPLOYMENT-ID="ecommerce-backend-1761025938" WAS-DEFAULT-HOSTNAME="ecommerce-backend-1761025938.scm.azurewebsites.net" X-Forwarded-Proto="https" X-AppService-Proto="https" X-Forwarded-TlsVersion="1.3" X-WAWS-Unencoded-URL="/api/publish?type=zip" X-Client-IP="115.112.126.114" X-Client-Port="39728" >
  <step title="OneDeploy" date="2025-10-24T07:11:07.581" >
    <step title="None repository commit" date="2025-10-24T07:11:07.621" >
      <step title="Commit id: 4d518bfa-fe1a-4a16-9c4c-109e9f327a62" date="2025-10-24T07:11:07.631" Message="N/A" AuthorName="N/A" AuthorEmail="N/A" /><!-- duration: 11ms -->
    </step><!-- duration: 37ms -->
    <step title="Starting PushDeployAsync" date="2025-10-24T07:11:07.670" /><!-- duration: 7ms -->
    <step title="Writing artifact to /tmp/zipdeploy/129633f9-e8ea-4009-9e18-829f05dbfaad.zip" date="2025-10-24T07:11:07.698" >
      <step title="Writing multipart request body to /tmp/zipdeploy/129633f9-e8ea-4009-9e18-829f05dbfaad.zip" date="2025-10-24T07:11:07.703" /><!-- duration: 3ms -->
    </step><!-- duration: 197ms -->
    <step title="Attempting to fetch target branch HEAD" date="2025-10-24T07:11:07.924" /><!-- duration: 4ms -->
    <step title="Acquiring Deployment Lock" date="2025-10-24T07:11:07.942" /><!-- duration: 3ms -->
    <step title="Acquired Deployment Lock" date="2025-10-24T07:11:07.988" /><!-- duration: 9ms -->
    <step title="Performing fetch based deployment" date="2025-10-24T07:11:08.005" >
      <step title="Creating temporary deployment" date="2025-10-24T07:11:08.012" /><!-- duration: 63ms -->
      <step title="Releasing Deployment Lock" date="2025-10-24T07:11:09.245" /><!-- duration: 5ms -->
      <step title="Cleaning up temp folders from previous zip deployments and extracting pushed zip file /tmp/zipdeploy/129633f9-e8ea-4009-9e18-829f05dbfaad.zip (0.07 MB) to /tmp/zipdeploy/extracted" date="2025-10-24T07:11:09.279" >
        <step title="ChmodRecursive Process exited with total time taken in ms: 39" date="2025-10-24T07:11:09.346" /><!-- duration: 11ms -->
      </step><!-- duration: 83ms -->
      <step title="None repository commit" date="2025-10-24T07:11:09.366" >
        <step title="Commit id: 4d518bfa-fe1a-4a16-9c4c-109e9f327a62" date="2025-10-24T07:11:09.371" Message="OneDeploy" AuthorName="N/A" AuthorEmail="N/A" /><!-- duration: 13ms -->
      </step><!-- duration: 23ms -->
      <step title="Deployment timer started" date="2025-10-24T07:11:11.417" >
        <step title="DeploymentManager.Deploy(id:4d518bfa-fe1a-4a16-9c4c-109e9f327a62)" date="2025-10-24T07:11:11.436" >
          <step title="Collecting changeset information" date="2025-10-24T07:11:11.464" /><!-- duration: 125ms -->
          <step title="Updating submodules" date="2025-10-24T07:11:11.609" /><!-- duration: 1411ms -->
          <step title="Determining deployment builder" date="2025-10-24T07:11:13.361" >
            <step title="Builder is OneDeployBuilder" date="2025-10-24T07:11:13.383" /><!-- duration: 9ms -->
          </step><!-- duration: 35ms -->
          <step title="PreDeployment: context.CleanOutputPath False" date="2025-10-24T07:11:13.442" >
            <step title="PreDeployment: context.OutputPath /home/site/wwwroot" date="2025-10-24T07:11:13.576" >
              <step title="Building" date="2025-10-24T07:11:13.741" >
                <step title="Executing external process" date="2025-10-24T07:11:14.464" type="process" path="starter.sh" arguments="/opt/Kudu/Scripts/parallel_rsync.sh /tmp/zipdeploy/extracted /home/site/wwwroot 8 /tmp/ False False  " /><!-- duration: 4404ms -->
                <step title="Modified file to trigger a restart of the app container." date="2025-10-24T07:11:19.527" /><!-- duration: 20ms -->
                <step title="Skip function trigger and logicapp sync because function is not enabled." date="2025-10-24T07:11:19.569" /><!-- duration: 17ms -->
                <step title="Purge deployment items" date="2025-10-24T07:11:21.074" >
                  <step title="Remove 473c0f21-, Success, received at 10/22/2025 04:27:01" date="2025-10-24T07:11:21.171" /><!-- duration: 49ms -->
                </step><!-- duration: 199ms -->
              </step><!-- duration: 7656ms -->
            </step><!-- duration: 7831ms -->
            <step title="Cleaning up temp files" date="2025-10-24T07:11:21.417" /><!-- duration: 10ms -->
            <step title="Cleaning up temp files" date="2025-10-24T07:11:21.439" /><!-- duration: 516ms -->
            <step title="Reloading status file with latest updates" date="2025-10-24T07:11:22.005" >
              <step title="WebHooksManager.PublishEventAsync: PostDeployment" date="2025-10-24T07:11:22.019" /><!-- duration: 191ms -->
            </step><!-- duration: 223ms -->
            <step title="Cleaning up temporary deployment - fetch deployment was successful" date="2025-10-24T07:11:22.259" /><!-- duration: 27ms -->
          </step><!-- duration: 8951ms -->
        </step><!-- duration: 10987ms -->
        <step title="Outgoing response" date="2025-10-24T07:11:22.435" type="response" statusCode="200" statusText="OK" /><!-- duration: 12ms -->
      </step><!-- duration: 11036ms -->
