<step title="Incoming Request" date="2025-10-22T05:55:26.230" instance="b52a0e" url="/api/publish?type=zip" method="POST" type="request" pid="822,1,36" Accept="*/*" Host="ecommerce-backend-1761025938.scm.azurewebsites.net" User-Agent="AZURECLI/2.78.0 (HOMEBREW)" Accept-Encoding="gzip, deflate" Authorization="Bea..." Cache-Control="no-cache" Content-Type="application/octet-stream" Cookie="ARRAffinity=b52a0e95239a69ec1d51e27f609b0a5686f7c63777a6973635d661be711de39f; ARRAffinitySameSite=b52a0e95239a69ec1d51e27f609b0a5686f7c63777a6973635d661be711de39f" Content-Length="1071" x-ms-client-request-id="a9b6f75a-af0b-11f0-8a4e-12dc909c9aaf" x-ms-artifact-checksum="79e7330a95d1c9f637712553a5885e89b9131429ff213b19dbfe19ba6df7778d" X-ARR-LOG-ID="a9b6f75a-af0b-11f0-8a4e-12dc909c9aaf" CLIENT-IP="115.112.126.114:55479" X-SITE-DEPLOYMENT-ID="ecommerce-backend-1761025938" WAS-DEFAULT-HOSTNAME="ecommerce-backend-1761025938.scm.azurewebsites.net" X-Forwarded-Proto="https" X-AppService-Proto="https" X-Forwarded-TlsVersion="1.3" X-WAWS-Unencoded-URL="/api/publish?type=zip" X-Client-IP="115.112.126.114" X-Client-Port="55479" >
  <step title="Cleanup Xml Logs" date="2025-10-22T05:55:26.242" /><!-- duration: 26ms -->
  <step title="OneDeploy" date="2025-10-22T05:55:26.339" >
    <step title="Starting PushDeployAsync" date="2025-10-22T05:55:26.360" /><!-- duration: 4ms -->
    <step title="Writing artifact to /tmp/zipdeploy/fb31d450-cacb-45cb-af7d-aef38d1e554c.zip" date="2025-10-22T05:55:26.386" >
      <step title="Writing multipart request body to /tmp/zipdeploy/fb31d450-cacb-45cb-af7d-aef38d1e554c.zip" date="2025-10-22T05:55:26.423" /><!-- duration: 20ms -->
    </step><!-- duration: 130ms -->
    <step title="Attempting to fetch target branch HEAD" date="2025-10-22T05:55:26.530" /><!-- duration: 4ms -->
    <step title="Acquiring Deployment Lock" date="2025-10-22T05:55:26.556" /><!-- duration: 19ms -->
    <step title="Acquired Deployment Lock" date="2025-10-22T05:55:26.639" /><!-- duration: 5ms -->
    <step title="Performing fetch based deployment" date="2025-10-22T05:55:26.653" >
      <step title="Creating temporary deployment" date="2025-10-22T05:55:26.666" /><!-- duration: 165ms -->
      <step title="Releasing Deployment Lock" date="2025-10-22T05:55:28.093" /><!-- duration: 9ms -->
      <step title="Cleaning up temp folders from previous zip deployments and extracting pushed zip file /tmp/zipdeploy/fb31d450-cacb-45cb-af7d-aef38d1e554c.zip (0.00 MB) to /tmp/zipdeploy/extracted" date="2025-10-22T05:55:28.159" >
        <step title="ChmodRecursive Process exited with total time taken in ms: 61" date="2025-10-22T05:55:28.273" /><!-- duration: 9ms -->
      </step><!-- duration: 129ms -->
      <step title="None repository commit" date="2025-10-22T05:55:28.305" >
        <step title="Commit id: dfc2bf12-7966-4678-b7df-696612bcc6df" date="2025-10-22T05:55:28.309" Message="OneDeploy" AuthorName="N/A" AuthorEmail="N/A" /><!-- duration: 3ms -->
      </step><!-- duration: 11ms -->
      <step title="Deployment timer started" date="2025-10-22T05:55:30.332" >
        <step title="DeploymentManager.Deploy(id:dfc2bf12-7966-4678-b7df-696612bcc6df)" date="2025-10-22T05:55:30.342" >
          <step title="Collecting changeset information" date="2025-10-22T05:55:30.389" /><!-- duration: 122ms -->
          <step title="Updating submodules" date="2025-10-22T05:55:30.517" /><!-- duration: 1161ms -->
          <step title="Determining deployment builder" date="2025-10-22T05:55:32.033" >
            <step title="Builder is OneDeployBuilder" date="2025-10-22T05:55:32.088" /><!-- duration: 4ms -->
          </step><!-- duration: 87ms -->
          <step title="PreDeployment: context.CleanOutputPath False" date="2025-10-22T05:55:32.195" >
            <step title="PreDeployment: context.OutputPath /home/site/wwwroot" date="2025-10-22T05:55:32.355" >
              <step title="Building" date="2025-10-22T05:55:32.529" >
                <step title="Executing external process" date="2025-10-22T05:55:33.130" type="process" path="starter.sh" arguments="/opt/Kudu/Scripts/parallel_rsync.sh /tmp/zipdeploy/extracted /home/site/wwwroot 8 /tmp/ False False  " /><!-- duration: 1702ms -->
                <step title="Modified file to trigger a restart of the app container." date="2025-10-22T05:55:35.385" /><!-- duration: 5ms -->
                <step title="Skip function trigger and logicapp sync because function is not enabled." date="2025-10-22T05:55:35.404" /><!-- duration: 4ms -->
              </step><!-- duration: 4109ms -->
            </step><!-- duration: 4292ms -->
            <step title="Cleaning up temp files" date="2025-10-22T05:55:36.665" /><!-- duration: 5ms -->
            <step title="Cleaning up temp files" date="2025-10-22T05:55:36.680" /><!-- duration: 511ms -->
            <step title="Reloading status file with latest updates" date="2025-10-22T05:55:37.218" >
              <step title="WebHooksManager.PublishEventAsync: PostDeployment" date="2025-10-22T05:55:37.222" /><!-- duration: 49ms -->
            </step><!-- duration: 59ms -->
            <step title="Cleaning up temporary deployment - fetch deployment was successful" date="2025-10-22T05:55:37.282" /><!-- duration: 4ms -->
          </step><!-- duration: 5151ms -->
        </step><!-- duration: 7011ms -->
        <step title="Outgoing response" date="2025-10-22T05:55:37.365" type="response" statusCode="200" statusText="OK" /><!-- duration: 7ms -->
      </step><!-- duration: 7042ms -->
