<step title="Incoming Request" date="2025-10-22T05:31:44.618" instance="b52a0e" url="/api/publish?type=zip" method="POST" type="request" pid="822,1,50" Accept="*/*" Host="ecommerce-backend-1761025938.scm.azurewebsites.net" User-Agent="AZURECLI/2.78.0 (HOMEBREW)" Accept-Encoding="gzip, deflate" Authorization="Bea..." Cache-Control="no-cache" Content-Type="application/octet-stream" Cookie="ARRAffinity=b52a0e95239a69ec1d51e27f609b0a5686f7c63777a6973635d661be711de39f; ARRAffinitySameSite=b52a0e95239a69ec1d51e27f609b0a5686f7c63777a6973635d661be711de39f" Content-Length="57911" x-ms-client-request-id="5724f06c-af08-11f0-8c02-12dc909c9aaf" x-ms-artifact-checksum="c39f9d3edadddd4fffbe3e18eaaa93ce5b6ec65299f47d679a0b9276c6cb0a1b" X-ARR-LOG-ID="5724f06c-af08-11f0-8c02-12dc909c9aaf" CLIENT-IP="115.112.126.114:57587" X-SITE-DEPLOYMENT-ID="ecommerce-backend-1761025938" WAS-DEFAULT-HOSTNAME="ecommerce-backend-1761025938.scm.azurewebsites.net" X-Forwarded-Proto="https" X-AppService-Proto="https" X-Forwarded-TlsVersion="1.3" X-WAWS-Unencoded-URL="/api/publish?type=zip" X-Client-IP="115.112.126.114" X-Client-Port="57587" >
  <step title="OneDeploy" date="2025-10-22T05:31:45.189" >
    <step title="Starting PushDeployAsync" date="2025-10-22T05:31:45.209" /><!-- duration: 10ms -->
    <step title="Writing artifact to /tmp/zipdeploy/90d6ccfe-f590-41f1-be39-fe76fb3cd1fa.zip" date="2025-10-22T05:31:45.246" >
      <step title="Writing multipart request body to /tmp/zipdeploy/90d6ccfe-f590-41f1-be39-fe76fb3cd1fa.zip" date="2025-10-22T05:31:45.274" /><!-- duration: 10ms -->
    </step><!-- duration: 84ms -->
    <step title="Attempting to fetch target branch HEAD" date="2025-10-22T05:31:45.352" /><!-- duration: 9ms -->
    <step title="Acquiring Deployment Lock" date="2025-10-22T05:31:45.369" /><!-- duration: 12ms -->
    <step title="Acquired Deployment Lock" date="2025-10-22T05:31:45.408" /><!-- duration: 4ms -->
    <step title="Performing fetch based deployment" date="2025-10-22T05:31:45.419" >
      <step title="Creating temporary deployment" date="2025-10-22T05:31:45.423" /><!-- duration: 94ms -->
      <step title="Releasing Deployment Lock" date="2025-10-22T05:31:46.690" /><!-- duration: 5ms -->
      <step title="Cleaning up temp folders from previous zip deployments and extracting pushed zip file /tmp/zipdeploy/90d6ccfe-f590-41f1-be39-fe76fb3cd1fa.zip (0.06 MB) to /tmp/zipdeploy/extracted" date="2025-10-22T05:31:46.731" >
        <step title="ChmodRecursive Process exited with total time taken in ms: 49" date="2025-10-22T05:31:46.835" /><!-- duration: 12ms -->
      </step><!-- duration: 126ms -->
      <step title="None repository commit" date="2025-10-22T05:31:46.863" >
        <step title="Commit id: b787309f-bf91-42a1-92cc-a643a7a1804c" date="2025-10-22T05:31:46.875" Message="OneDeploy" AuthorName="N/A" AuthorEmail="N/A" /><!-- duration: 3ms -->
      </step><!-- duration: 19ms -->
      <step title="Deployment timer started" date="2025-10-22T05:31:48.886" >
        <step title="DeploymentManager.Deploy(id:b787309f-bf91-42a1-92cc-a643a7a1804c)" date="2025-10-22T05:31:48.892" >
          <step title="Collecting changeset information" date="2025-10-22T05:31:48.906" /><!-- duration: 119ms -->
          <step title="Updating submodules" date="2025-10-22T05:31:49.044" /><!-- duration: 1126ms -->
          <step title="Determining deployment builder" date="2025-10-22T05:31:50.375" >
            <step title="Builder is OneDeployBuilder" date="2025-10-22T05:31:50.418" /><!-- duration: 4ms -->
          </step><!-- duration: 53ms -->
          <step title="PreDeployment: context.CleanOutputPath False" date="2025-10-22T05:31:50.497" >
            <step title="PreDeployment: context.OutputPath /home/site/wwwroot" date="2025-10-22T05:31:50.660" >
              <step title="Building" date="2025-10-22T05:31:50.812" >
                <step title="Executing external process" date="2025-10-22T05:31:51.482" type="process" path="starter.sh" arguments="/opt/Kudu/Scripts/parallel_rsync.sh /tmp/zipdeploy/extracted /home/site/wwwroot 8 /tmp/ False False  " /><!-- duration: 3297ms -->
                <step title="Modified file to trigger a restart of the app container." date="2025-10-22T05:31:55.217" /><!-- duration: 4ms -->
                <step title="Skip function trigger and logicapp sync because function is not enabled." date="2025-10-22T05:31:55.225" /><!-- duration: 7ms -->
              </step><!-- duration: 5425ms -->
            </step><!-- duration: 5581ms -->
            <step title="Cleaning up temp files" date="2025-10-22T05:31:56.245" /><!-- duration: 9ms -->
            <step title="Cleaning up temp files" date="2025-10-22T05:31:56.267" /><!-- duration: 515ms -->
            <step title="Reloading status file with latest updates" date="2025-10-22T05:31:56.839" >
              <step title="WebHooksManager.PublishEventAsync: PostDeployment" date="2025-10-22T05:31:56.843" /><!-- duration: 35ms -->
            </step><!-- duration: 45ms -->
            <step title="Cleaning up temporary deployment - fetch deployment was successful" date="2025-10-22T05:31:56.889" /><!-- duration: 4ms -->
          </step><!-- duration: 6461ms -->
        </step><!-- duration: 8078ms -->
        <step title="Outgoing response" date="2025-10-22T05:31:56.974" type="response" statusCode="200" statusText="OK" /><!-- duration: 4ms -->
      </step><!-- duration: 8101ms -->
