<step title="BackgroundTrace" date="2025-10-24T07:39:33.355" instance="cc7865" url="/api/zipdeploy" method="POST" >
  <step title="Cleanup Xml Logs" date="2025-10-24T07:39:33.369" /><!-- duration: 10ms -->
  <step title="Creating temporary deployment - FetchDeploymentManager" date="2025-10-24T07:39:33.487" /><!-- duration: 4ms -->
  <step title="Creating temporary deployment" date="2025-10-24T07:39:33.495" /><!-- duration: 70ms -->
  <step title="Performing fetch based deployment" date="2025-10-24T07:39:33.658" >
    <step title="Cleaning up temp folders from previous zip deployments and extracting pushed zip file /tmp/zipdeploy/81cb5206-1b21-4435-bead-f55d912aefad.zip (40.76 MB) to /tmp/zipdeploy/extracted" date="2025-10-24T07:39:34.840" >
      <step title="ChmodRecursive Process exited with total time taken in ms: 561" date="2025-10-24T07:39:49.508" /><!-- duration: 20ms -->
    </step><!-- duration: 14694ms -->
    <step title="Deployment timer started" date="2025-10-24T07:39:51.575" >
      <step title="DeploymentManager.Deploy(id:8accc679-2cfd-4738-adcd-18a459237eac)" date="2025-10-24T07:39:51.587" >
        <step title="Collecting changeset information" date="2025-10-24T07:39:51.615" /><!-- duration: 105ms -->
        <step title="Updating submodules" date="2025-10-24T07:39:51.725" /><!-- duration: 1125ms -->
        <step title="Determining deployment builder" date="2025-10-24T07:39:53.092" >
          <step title="Builder is BasicBuilder" date="2025-10-24T07:39:53.120" /><!-- duration: 16ms -->
        </step><!-- duration: 57ms -->
        <step title="PreDeployment: context.CleanOutputPath False" date="2025-10-24T07:39:53.229" >
          <step title="PreDeployment: context.OutputPath /home/site/wwwroot" date="2025-10-24T07:39:53.383" >
            <step title="Building" date="2025-10-24T07:39:53.552" >
              <step title="Executing external process" date="2025-10-24T07:39:54.343" type="process" path="starter.sh" arguments="/opt/Kudu/Scripts/absoluteTar.sh /tmp/zipdeploy/extracted/node_modules /tmp/zipdeploy/extracted/node_modules.tar.gz" /><!-- duration: 19448ms -->
              <step title="Executing external process" date="2025-10-24T07:40:14.136" type="process" path="starter.sh" arguments="/opt/Kudu/Scripts/parallel_rsync.sh /tmp/zipdeploy/extracted /home/site/wwwroot 8 /tmp/ False True node_modules " /><!-- duration: 12962ms -->
              <step title="Triggering recycle (preview mode disabled)." date="2025-10-24T07:40:27.802" /><!-- duration: 12ms -->
              <step title="Modified file to trigger a restart of the app container." date="2025-10-24T07:40:27.855" /><!-- duration: 29ms -->
              <step title="Skip function trigger and logicapp sync because function is not enabled." date="2025-10-24T07:40:27.891" /><!-- duration: 22ms -->
              <step title="Purge deployment items" date="2025-10-24T07:40:29.188" >
                <step title="Remove b4f57486-, Success, received at 10/22/2025 04:55:37" date="2025-10-24T07:40:29.256" /><!-- duration: 2ms -->
              </step><!-- duration: 73ms -->
            </step><!-- duration: 35790ms -->
          </step><!-- duration: 35963ms -->
          <step title="Cleaning up temp files" date="2025-10-24T07:40:29.349" /><!-- duration: 4ms -->
          <step title="Cleaning up temp files" date="2025-10-24T07:40:29.361" /><!-- duration: 515ms -->
          <step title="Reloading status file with latest updates" date="2025-10-24T07:40:29.935" >
            <step title="WebHooksManager.PublishEventAsync: PostDeployment" date="2025-10-24T07:40:29.941" /><!-- duration: 109ms -->
          </step><!-- duration: 119ms -->
          <step title="Cleaning up temporary deployment - fetch deployment was successful" date="2025-10-24T07:40:30.061" /><!-- duration: 31ms -->
        </step><!-- duration: 36933ms -->
      </step><!-- duration: 38590ms -->
