<step title="Incoming Request" date="2025-10-24T07:38:53.349" instance="cc7865" url="/api/zipdeploy?isAsync=true" method="POST" type="request" pid="827,1,5" Accept="*/*" Host="ecommerce-backend-1761025938.scm.azurewebsites.net" User-Agent="AZURECLI/2.78.0 (HOMEBREW)" Accept-Encoding="gzip, deflate" Authorization="Bea..." Cache-Control="no-cache" Content-Type="application/octet-stream" Content-Length="42739158" x-ms-client-request-id="78e17748-b0ac-11f0-b00f-12dc909c9ab0" x-ms-artifact-checksum="3e09d0e244b13c542cb6b3dcca40623687f414d471d94a5e28f1f257c8b4c858" X-ARR-LOG-ID="78e17748-b0ac-11f0-b00f-12dc909c9ab0" CLIENT-IP="115.112.126.114:6795" X-SITE-DEPLOYMENT-ID="ecommerce-backend-1761025938" WAS-DEFAULT-HOSTNAME="ecommerce-backend-1761025938.scm.azurewebsites.net" X-Forwarded-Proto="https" X-AppService-Proto="https" X-Forwarded-TlsVersion="1.3" X-WAWS-Unencoded-URL="/api/zipdeploy?isAsync=true" X-Client-IP="115.112.126.114" X-Client-Port="6795" >
  <step title="Cleanup Xml Logs" date="2025-10-24T07:38:53.381" /><!-- duration: 32ms -->
  <step title="ZipPushDeploy" date="2025-10-24T07:38:54.260" >
    <step title="ZipDeploy. Extract zip." date="2025-10-24T07:38:54.289" /><!-- duration: 3ms -->
    <step title="None repository commit" date="2025-10-24T07:38:54.321" >
      <step title="Commit id: 8accc679-2cfd-4738-adcd-18a459237eac" date="2025-10-24T07:38:54.359" Message="N/A" AuthorName="N/A" AuthorEmail="N/A" /><!-- duration: 11ms -->
    </step><!-- duration: 58ms -->
    <step title="Starting PushDeployAsync" date="2025-10-24T07:38:54.390" /><!-- duration: 7ms -->
    <step title="Removing node_modules symlink" date="2025-10-24T07:38:54.468" >
      <step title="Writing artifact to /tmp/zipdeploy/81cb5206-1b21-4435-bead-f55d912aefad.zip" date="2025-10-24T07:38:54.655" >
        <step title="Writing multipart request body to /tmp/zipdeploy/81cb5206-1b21-4435-bead-f55d912aefad.zip" date="2025-10-24T07:38:54.672" /><!-- duration: 6ms -->
      </step><!-- duration: 38632ms -->
      <step title="Removing previous build artifact&apos;s manifest file" date="2025-10-24T07:39:33.324" >
        <step title="Start deployment in the background" date="2025-10-24T07:39:33.350" >
          <step title="Acquiring Deployment Lock" date="2025-10-24T07:39:33.408" /><!-- duration: 3ms -->
          <step title="Acquired Deployment Lock" date="2025-10-24T07:39:33.482" /><!-- duration: 3ms -->
        </step><!-- duration: 220ms -->
      </step><!-- duration: 258ms -->
      <step title="Outgoing response" date="2025-10-24T07:39:33.603" type="response" statusCode="202" statusText="Accepted" /><!-- duration: 40ms -->
    </step><!-- duration: 39179ms -->
