<step title="Incoming Request" date="2025-10-22T06:06:35.412" instance="b52a0e" url="/api/publish?type=zip" method="POST" type="request" pid="822,1,23" Accept="*/*" Host="ecommerce-backend-1761025938.scm.azurewebsites.net" User-Agent="AZURECLI/2.78.0 (HOMEBREW)" Accept-Encoding="gzip, deflate" Authorization="Bea..." Cache-Control="no-cache" Content-Type="application/octet-stream" Cookie="ARRAffinity=b52a0e95239a69ec1d51e27f609b0a5686f7c63777a6973635d661be711de39f; ARRAffinitySameSite=b52a0e95239a69ec1d51e27f609b0a5686f7c63777a6973635d661be711de39f" Content-Length="784" x-ms-client-request-id="3a36e62c-af0d-11f0-8828-12dc909c9aaf" x-ms-artifact-checksum="529ac4c4731db79278b51695efd21ae020eedf227de1cc89ab76c4dcaff83471" X-ARR-LOG-ID="3a36e62c-af0d-11f0-8828-12dc909c9aaf" CLIENT-IP="115.112.126.114:47238" X-SITE-DEPLOYMENT-ID="ecommerce-backend-1761025938" WAS-DEFAULT-HOSTNAME="ecommerce-backend-1761025938.scm.azurewebsites.net" X-Forwarded-Proto="https" X-AppService-Proto="https" X-Forwarded-TlsVersion="1.3" X-WAWS-Unencoded-URL="/api/publish?type=zip" X-Client-IP="115.112.126.114" X-Client-Port="47238" >
  <step title="OneDeploy" date="2025-10-22T06:06:35.442" >
    <step title="Starting PushDeployAsync" date="2025-10-22T06:06:35.449" /><!-- duration: 5ms -->
    <step title="Writing artifact to /tmp/zipdeploy/0f05f58e-6164-45e5-a995-b983445bff21.zip" date="2025-10-22T06:06:35.468" >
      <step title="Writing multipart request body to /tmp/zipdeploy/0f05f58e-6164-45e5-a995-b983445bff21.zip" date="2025-10-22T06:06:35.472" /><!-- duration: 13ms -->
    </step><!-- duration: 48ms -->
    <step title="Attempting to fetch target branch HEAD" date="2025-10-22T06:06:35.553" /><!-- duration: 9ms -->
    <step title="Acquiring Deployment Lock" date="2025-10-22T06:06:35.591" /><!-- duration: 9ms -->
    <step title="Acquired Deployment Lock" date="2025-10-22T06:06:35.631" /><!-- duration: 11ms -->
    <step title="Performing fetch based deployment" date="2025-10-22T06:06:35.650" >
      <step title="Creating temporary deployment" date="2025-10-22T06:06:35.669" /><!-- duration: 67ms -->
      <step title="Releasing Deployment Lock" date="2025-10-22T06:06:36.919" /><!-- duration: 8ms -->
      <step title="Cleaning up temp folders from previous zip deployments and extracting pushed zip file /tmp/zipdeploy/0f05f58e-6164-45e5-a995-b983445bff21.zip (0.00 MB) to /tmp/zipdeploy/extracted" date="2025-10-22T06:06:36.954" >
        <step title="ChmodRecursive Process exited with total time taken in ms: 102" date="2025-10-22T06:06:37.106" /><!-- duration: 9ms -->
      </step><!-- duration: 166ms -->
      <step title="None repository commit" date="2025-10-22T06:06:37.134" >
        <step title="Commit id: 413dc24f-125e-4599-a8dc-dc9f1fe877ab" date="2025-10-22T06:06:37.139" Message="OneDeploy" AuthorName="N/A" AuthorEmail="N/A" /><!-- duration: 3ms -->
      </step><!-- duration: 11ms -->
      <step title="Deployment timer started" date="2025-10-22T06:06:39.149" >
        <step title="DeploymentManager.Deploy(id:413dc24f-125e-4599-a8dc-dc9f1fe877ab)" date="2025-10-22T06:06:39.155" >
          <step title="Collecting changeset information" date="2025-10-22T06:06:39.168" /><!-- duration: 126ms -->
          <step title="Updating submodules" date="2025-10-22T06:06:39.301" /><!-- duration: 1158ms -->
          <step title="Determining deployment builder" date="2025-10-22T06:06:40.726" >
            <step title="Builder is OneDeployBuilder" date="2025-10-22T06:06:40.744" /><!-- duration: 8ms -->
          </step><!-- duration: 31ms -->
          <step title="PreDeployment: context.CleanOutputPath False" date="2025-10-22T06:06:40.827" >
            <step title="PreDeployment: context.OutputPath /home/site/wwwroot" date="2025-10-22T06:06:40.969" >
              <step title="Building" date="2025-10-22T06:06:41.139" >
                <step title="Executing external process" date="2025-10-22T06:06:41.666" type="process" path="starter.sh" arguments="/opt/Kudu/Scripts/parallel_rsync.sh /tmp/zipdeploy/extracted /home/site/wwwroot 8 /tmp/ False False  " /><!-- duration: 1846ms -->
                <step title="Modified file to trigger a restart of the app container." date="2025-10-22T06:06:43.965" /><!-- duration: 4ms -->
                <step title="Skip function trigger and logicapp sync because function is not enabled." date="2025-10-22T06:06:43.973" /><!-- duration: 6ms -->
                <step title="Purge deployment items" date="2025-10-22T06:06:45.166" >
                  <step title="Remove 49335da6-, Success, received at 10/21/2025 05:57:03" date="2025-10-22T06:06:45.233" /><!-- duration: 4ms -->
                </step><!-- duration: 75ms -->
              </step><!-- duration: 4168ms -->
            </step><!-- duration: 4342ms -->
            <step title="Cleaning up temp files" date="2025-10-22T06:06:45.315" /><!-- duration: 19ms -->
            <step title="Cleaning up temp files" date="2025-10-22T06:06:45.354" /><!-- duration: 553ms -->
            <step title="Reloading status file with latest updates" date="2025-10-22T06:06:45.959" >
              <step title="WebHooksManager.PublishEventAsync: PostDeployment" date="2025-10-22T06:06:45.966" /><!-- duration: 29ms -->
            </step><!-- duration: 41ms -->
            <step title="Cleaning up temporary deployment - fetch deployment was successful" date="2025-10-22T06:06:46.006" /><!-- duration: 4ms -->
          </step><!-- duration: 5281ms -->
        </step><!-- duration: 6959ms -->
        <step title="Outgoing response" date="2025-10-22T06:06:46.138" type="response" statusCode="200" statusText="OK" /><!-- duration: 3ms -->
      </step><!-- duration: 7001ms -->
