<step title="Incoming Request" date="2025-10-22T05:19:52.234" instance="b52a0e" url="/api/publish?type=zip" method="POST" type="request" pid="822,1,32" Accept="*/*" Host="ecommerce-backend-1761025938.scm.azurewebsites.net" User-Agent="AZURECLI/2.78.0 (HOMEBREW)" Accept-Encoding="gzip, deflate" Authorization="Bea..." Cache-Control="no-cache" Content-Type="application/octet-stream" Cookie="ARRAffinity=b52a0e95239a69ec1d51e27f609b0a5686f7c63777a6973635d661be711de39f; ARRAffinitySameSite=b52a0e95239a69ec1d51e27f609b0a5686f7c63777a6973635d661be711de39f" Content-Length="73337" x-ms-client-request-id="b211ec34-af06-11f0-a029-12dc909c9aaf" x-ms-artifact-checksum="62291c001b5639bc49769c075a54e0ab3362203b077e0ae6c53f37138c4dee73" X-ARR-LOG-ID="b211ec34-af06-11f0-a029-12dc909c9aaf" CLIENT-IP="115.112.126.114:1848" X-SITE-DEPLOYMENT-ID="ecommerce-backend-1761025938" WAS-DEFAULT-HOSTNAME="ecommerce-backend-1761025938.scm.azurewebsites.net" X-Forwarded-Proto="https" X-AppService-Proto="https" X-Forwarded-TlsVersion="1.3" X-WAWS-Unencoded-URL="/api/publish?type=zip" X-Client-IP="115.112.126.114" X-Client-Port="1848" >
  <step title="Cleanup Xml Logs" date="2025-10-22T05:19:52.243" /><!-- duration: 11ms -->
  <step title="OneDeploy" date="2025-10-22T05:19:52.343" >
    <step title="Starting PushDeployAsync" date="2025-10-22T05:19:52.416" /><!-- duration: 6ms -->
    <step title="Writing artifact to /tmp/zipdeploy/8f04aa39-d55c-479b-ad4c-a575fd74c829.zip" date="2025-10-22T05:19:52.460" >
      <step title="Writing multipart request body to /tmp/zipdeploy/8f04aa39-d55c-479b-ad4c-a575fd74c829.zip" date="2025-10-22T05:19:52.478" /><!-- duration: 27ms -->
    </step><!-- duration: 328ms -->
    <step title="Attempting to fetch target branch HEAD" date="2025-10-22T05:19:52.856" /><!-- duration: 4ms -->
    <step title="Acquiring Deployment Lock" date="2025-10-22T05:19:52.872" /><!-- duration: 7ms -->
    <step title="Acquired Deployment Lock" date="2025-10-22T05:19:52.920" /><!-- duration: 5ms -->
    <step title="Performing fetch based deployment" date="2025-10-22T05:19:52.933" >
      <step title="Creating temporary deployment" date="2025-10-22T05:19:52.944" /><!-- duration: 105ms -->
      <step title="Releasing Deployment Lock" date="2025-10-22T05:19:54.315" /><!-- duration: 9ms -->
      <step title="Cleaning up temp folders from previous zip deployments and extracting pushed zip file /tmp/zipdeploy/8f04aa39-d55c-479b-ad4c-a575fd74c829.zip (0.07 MB) to /tmp/zipdeploy/extracted" date="2025-10-22T05:19:54.370" >
        <step title="ChmodRecursive Process exited with total time taken in ms: 83" date="2025-10-22T05:19:54.565" /><!-- duration: 10ms -->
      </step><!-- duration: 213ms -->
      <step title="None repository commit" date="2025-10-22T05:19:54.600" >
        <step title="Commit id: 0c6df0e0-9296-42b6-9dd9-8b991b092ef0" date="2025-10-22T05:19:54.605" Message="OneDeploy" AuthorName="N/A" AuthorEmail="N/A" /><!-- duration: 10ms -->
      </step><!-- duration: 18ms -->
      <step title="Deployment timer started" date="2025-10-22T05:19:56.634" >
        <step title="DeploymentManager.Deploy(id:0c6df0e0-9296-42b6-9dd9-8b991b092ef0)" date="2025-10-22T05:19:56.664" >
          <step title="Collecting changeset information" date="2025-10-22T05:19:56.702" /><!-- duration: 123ms -->
          <step title="Updating submodules" date="2025-10-22T05:19:56.836" /><!-- duration: 1146ms -->
          <step title="Determining deployment builder" date="2025-10-22T05:19:58.294" >
            <step title="Builder is OneDeployBuilder" date="2025-10-22T05:19:58.320" /><!-- duration: 5ms -->
          </step><!-- duration: 42ms -->
          <step title="PreDeployment: context.CleanOutputPath False" date="2025-10-22T05:19:58.406" >
            <step title="PreDeployment: context.OutputPath /home/site/wwwroot" date="2025-10-22T05:19:58.564" >
              <step title="Building" date="2025-10-22T05:19:58.762" >
                <step title="Executing external process" date="2025-10-22T05:19:59.414" type="process" path="starter.sh" arguments="/opt/Kudu/Scripts/parallel_rsync.sh /tmp/zipdeploy/extracted /home/site/wwwroot 8 /tmp/ False False  " /><!-- duration: 7225ms -->
                <step title="Modified file to trigger a restart of the app container." date="2025-10-22T05:20:07.349" /><!-- duration: 4ms -->
                <step title="Skip function trigger and logicapp sync because function is not enabled." date="2025-10-22T05:20:07.364" /><!-- duration: 11ms -->
              </step><!-- duration: 9831ms -->
            </step><!-- duration: 10035ms -->
            <step title="Cleaning up temp files" date="2025-10-22T05:20:08.602" /><!-- duration: 5ms -->
            <step title="Cleaning up temp files" date="2025-10-22T05:20:08.613" /><!-- duration: 523ms -->
            <step title="Reloading status file with latest updates" date="2025-10-22T05:20:09.187" >
              <step title="WebHooksManager.PublishEventAsync: PostDeployment" date="2025-10-22T05:20:09.197" /><!-- duration: 71ms -->
            </step><!-- duration: 84ms -->
            <step title="Cleaning up temporary deployment - fetch deployment was successful" date="2025-10-22T05:20:09.280" /><!-- duration: 9ms -->
          </step><!-- duration: 10961ms -->
        </step><!-- duration: 12713ms -->
        <step title="Outgoing response" date="2025-10-22T05:20:09.388" type="response" statusCode="200" statusText="OK" /><!-- duration: 10ms -->
      </step><!-- duration: 12772ms -->
