<step title="Incoming Request" date="2025-10-24T07:45:22.924" instance="cc7865" url="/api/zipdeploy?isAsync=true" method="POST" type="request" pid="827,1,18" Accept="*/*" Host="ecommerce-backend-1761025938.scm.azurewebsites.net" User-Agent="AZURECLI/2.78.0 (HOMEBREW)" Accept-Encoding="gzip, deflate" Authorization="Bea..." Cache-Control="no-cache" Content-Type="application/octet-stream" Content-Length="42739158" x-ms-client-request-id="620079ba-b0ad-11f0-87b4-12dc909c9ab0" x-ms-artifact-checksum="8e81b3c102ff404bbd495bb647f9cf69fa43c69423e47d6963868fc6eec33c12" X-ARR-LOG-ID="620079ba-b0ad-11f0-87b4-12dc909c9ab0" CLIENT-IP="115.112.126.114:10532" X-SITE-DEPLOYMENT-ID="ecommerce-backend-1761025938" WAS-DEFAULT-HOSTNAME="ecommerce-backend-1761025938.scm.azurewebsites.net" X-Forwarded-Proto="https" X-AppService-Proto="https" X-Forwarded-TlsVersion="1.3" X-WAWS-Unencoded-URL="/api/zipdeploy?isAsync=true" X-Client-IP="115.112.126.114" X-Client-Port="10532" >
  <step title="Cleanup Xml Logs" date="2025-10-24T07:45:22.926" /><!-- duration: 6ms -->
  <step title="ZipPushDeploy" date="2025-10-24T07:45:22.958" >
    <step title="ZipDeploy. Extract zip." date="2025-10-24T07:45:22.987" /><!-- duration: 15ms -->
    <step title="Starting PushDeployAsync" date="2025-10-24T07:45:23.010" /><!-- duration: 3ms -->
    <step title="Removing node_modules symlink" date="2025-10-24T07:45:23.025" >
      <step title="Writing artifact to /tmp/zipdeploy/7f9bdb4f-8448-422b-901e-8767b29e8989.zip" date="2025-10-24T07:45:23.108" >
        <step title="Writing multipart request body to /tmp/zipdeploy/7f9bdb4f-8448-422b-901e-8767b29e8989.zip" date="2025-10-24T07:45:23.112" /><!-- duration: 10ms -->
      </step><!-- duration: 41188ms -->
      <step title="Removing previous build artifact&apos;s manifest file" date="2025-10-24T07:46:04.310" >
        <step title="Start deployment in the background" date="2025-10-24T07:46:04.338" >
          <step title="Acquiring Deployment Lock" date="2025-10-24T07:46:04.390" /><!-- duration: 19ms -->
          <step title="Acquired Deployment Lock" date="2025-10-24T07:46:04.458" /><!-- duration: 4ms -->
        </step><!-- duration: 274ms -->
      </step><!-- duration: 327ms -->
      <step title="Outgoing response" date="2025-10-24T07:46:04.645" type="response" statusCode="202" statusText="Accepted" /><!-- duration: 3ms -->
    </step><!-- duration: 41632ms -->
