<step title="Incoming Request" date="2025-10-22T05:42:58.180" instance="b52a0e" url="/api/publish?type=zip" method="POST" type="request" pid="822,1,21" Accept="*/*" Host="ecommerce-backend-1761025938.scm.azurewebsites.net" User-Agent="AZURECLI/2.78.0 (HOMEBREW)" Accept-Encoding="gzip, deflate" Authorization="Bea..." Cache-Control="no-cache" Content-Type="application/octet-stream" Cookie="ARRAffinity=b52a0e95239a69ec1d51e27f609b0a5686f7c63777a6973635d661be711de39f; ARRAffinitySameSite=b52a0e95239a69ec1d51e27f609b0a5686f7c63777a6973635d661be711de39f" Content-Length="57917" x-ms-client-request-id="eb6afc66-af09-11f0-9678-12dc909c9aaf" x-ms-artifact-checksum="7c111c3afbff250ce2c1d97810bb8b01c8b2895a897e8f005db9aae0a075d415" X-ARR-LOG-ID="eb6afc66-af09-11f0-9678-12dc909c9aaf" CLIENT-IP="115.112.126.114:7689" X-SITE-DEPLOYMENT-ID="ecommerce-backend-1761025938" WAS-DEFAULT-HOSTNAME="ecommerce-backend-1761025938.scm.azurewebsites.net" X-Forwarded-Proto="https" X-AppService-Proto="https" X-Forwarded-TlsVersion="1.3" X-WAWS-Unencoded-URL="/api/publish?type=zip" X-Client-IP="115.112.126.114" X-Client-Port="7689" >
  <step title="Cleanup Xml Logs" date="2025-10-22T05:42:58.190" /><!-- duration: 39ms -->
  <step title="OneDeploy" date="2025-10-22T05:42:58.258" >
    <step title="Starting PushDeployAsync" date="2025-10-22T05:42:58.269" /><!-- duration: 4ms -->
    <step title="Writing artifact to /tmp/zipdeploy/aa28982e-a776-4cdb-bcb2-47a0e0babec1.zip" date="2025-10-22T05:42:58.287" >
      <step title="Writing multipart request body to /tmp/zipdeploy/aa28982e-a776-4cdb-bcb2-47a0e0babec1.zip" date="2025-10-22T05:42:58.303" /><!-- duration: 12ms -->
    </step><!-- duration: 67ms -->
    <step title="Attempting to fetch target branch HEAD" date="2025-10-22T05:42:58.370" /><!-- duration: 5ms -->
    <step title="Acquiring Deployment Lock" date="2025-10-22T05:42:58.385" /><!-- duration: 9ms -->
    <step title="Acquired Deployment Lock" date="2025-10-22T05:42:58.446" /><!-- duration: 25ms -->
    <step title="Performing fetch based deployment" date="2025-10-22T05:42:58.491" >
      <step title="Creating temporary deployment" date="2025-10-22T05:42:58.501" /><!-- duration: 82ms -->
      <step title="Releasing Deployment Lock" date="2025-10-22T05:42:59.779" /><!-- duration: 7ms -->
      <step title="Cleaning up temp folders from previous zip deployments and extracting pushed zip file /tmp/zipdeploy/aa28982e-a776-4cdb-bcb2-47a0e0babec1.zip (0.06 MB) to /tmp/zipdeploy/extracted" date="2025-10-22T05:42:59.837" >
        <step title="ChmodRecursive Process exited with total time taken in ms: 49" date="2025-10-22T05:42:59.978" /><!-- duration: 4ms -->
      </step><!-- duration: 151ms -->
      <step title="None repository commit" date="2025-10-22T05:43:00.004" >
        <step title="Commit id: 3f8bce0a-4ae6-455d-b7d8-9fb687c67abe" date="2025-10-22T05:43:00.008" Message="OneDeploy" AuthorName="N/A" AuthorEmail="N/A" /><!-- duration: 5ms -->
      </step><!-- duration: 21ms -->
      <step title="Deployment timer started" date="2025-10-22T05:43:02.034" >
        <step title="DeploymentManager.Deploy(id:3f8bce0a-4ae6-455d-b7d8-9fb687c67abe)" date="2025-10-22T05:43:02.042" >
          <step title="Collecting changeset information" date="2025-10-22T05:43:02.060" /><!-- duration: 117ms -->
          <step title="Updating submodules" date="2025-10-22T05:43:02.183" /><!-- duration: 1138ms -->
          <step title="Determining deployment builder" date="2025-10-22T05:43:03.559" >
            <step title="Builder is OneDeployBuilder" date="2025-10-22T05:43:03.582" /><!-- duration: 5ms -->
          </step><!-- duration: 35ms -->
          <step title="PreDeployment: context.CleanOutputPath False" date="2025-10-22T05:43:03.668" >
            <step title="PreDeployment: context.OutputPath /home/site/wwwroot" date="2025-10-22T05:43:03.838" >
              <step title="Building" date="2025-10-22T05:43:03.986" >
                <step title="Executing external process" date="2025-10-22T05:43:04.568" type="process" path="starter.sh" arguments="/opt/Kudu/Scripts/parallel_rsync.sh /tmp/zipdeploy/extracted /home/site/wwwroot 8 /tmp/ False False  " /><!-- duration: 2109ms -->
                <step title="Modified file to trigger a restart of the app container." date="2025-10-22T05:43:07.205" /><!-- duration: 5ms -->
                <step title="Skip function trigger and logicapp sync because function is not enabled." date="2025-10-22T05:43:07.216" /><!-- duration: 11ms -->
              </step><!-- duration: 4431ms -->
            </step><!-- duration: 4584ms -->
            <step title="Cleaning up temp files" date="2025-10-22T05:43:08.426" /><!-- duration: 4ms -->
            <step title="Cleaning up temp files" date="2025-10-22T05:43:08.437" /><!-- duration: 509ms -->
            <step title="Reloading status file with latest updates" date="2025-10-22T05:43:08.995" >
              <step title="WebHooksManager.PublishEventAsync: PostDeployment" date="2025-10-22T05:43:09.004" /><!-- duration: 32ms -->
            </step><!-- duration: 47ms -->
            <step title="Cleaning up temporary deployment - fetch deployment was successful" date="2025-10-22T05:43:09.048" /><!-- duration: 4ms -->
          </step><!-- duration: 5490ms -->
        </step><!-- duration: 7120ms -->
        <step title="Outgoing response" date="2025-10-22T05:43:09.173" type="response" statusCode="200" statusText="OK" /><!-- duration: 9ms -->
      </step><!-- duration: 7156ms -->
