<step title="Incoming Request" date="2025-10-22T04:26:57.377" instance="b52a0e" url="/api/publish?type=zip" method="POST" type="request" pid="823,1,5" Accept="*/*" Host="ecommerce-backend-1761025938.scm.azurewebsites.net" User-Agent="AZURECLI/2.78.0 (HOMEBREW)" Accept-Encoding="gzip, deflate" Authorization="Bea..." Cache-Control="no-cache" Content-Type="application/octet-stream" Cookie="ARRAffinity=2e9614b903860387ad41d2d4735570ca0c8b29649a02cb187ad6afea560d5745; ARRAffinitySameSite=2e9614b903860387ad41d2d4735570ca0c8b29649a02cb187ad6afea560d5745" Content-Length="73283" x-ms-client-request-id="3377b84c-aeff-11f0-9971-12dc909c9aaf" x-ms-artifact-checksum="1c7078587328a70ffaa81cea8c2d9f126a58cb3ff278cdcae27ac7be3e619e55" X-ARR-LOG-ID="3377b84c-aeff-11f0-9971-12dc909c9aaf" CLIENT-IP="115.112.126.114:56889" X-SITE-DEPLOYMENT-ID="ecommerce-backend-1761025938" WAS-DEFAULT-HOSTNAME="ecommerce-backend-1761025938.scm.azurewebsites.net" X-Forwarded-Proto="https" X-AppService-Proto="https" X-Forwarded-TlsVersion="1.3" X-WAWS-Unencoded-URL="/api/publish?type=zip" X-Client-IP="115.112.126.114" X-Client-Port="56889" >
  <step title="Cleanup Xml Logs" date="2025-10-22T04:26:57.387" /><!-- duration: 21ms -->
  <step title="OneDeploy" date="2025-10-22T04:26:57.522" >
    <step title="None repository commit" date="2025-10-22T04:26:57.535" >
      <step title="Commit id: 473c0f21-4dd8-472b-9d6b-48da257c6a14" date="2025-10-22T04:26:57.543" Message="N/A" AuthorName="N/A" AuthorEmail="N/A" /><!-- duration: 4ms -->
    </step><!-- duration: 17ms -->
    <step title="Starting PushDeployAsync" date="2025-10-22T04:26:57.555" /><!-- duration: 3ms -->
    <step title="Writing artifact to /tmp/zipdeploy/fbf6a545-fe2d-4ce1-a459-d68727849a6f.zip" date="2025-10-22T04:26:57.580" >
      <step title="Writing multipart request body to /tmp/zipdeploy/fbf6a545-fe2d-4ce1-a459-d68727849a6f.zip" date="2025-10-22T04:26:57.584" /><!-- duration: 3ms -->
    </step><!-- duration: 44ms -->
    <step title="Attempting to fetch target branch HEAD" date="2025-10-22T04:26:57.663" /><!-- duration: 8ms -->
    <step title="Acquiring Deployment Lock" date="2025-10-22T04:26:57.684" /><!-- duration: 7ms -->
    <step title="Acquired Deployment Lock" date="2025-10-22T04:26:57.740" /><!-- duration: 3ms -->
    <step title="Performing fetch based deployment" date="2025-10-22T04:26:57.752" >
      <step title="Creating temporary deployment" date="2025-10-22T04:26:57.756" /><!-- duration: 64ms -->
      <step title="Releasing Deployment Lock" date="2025-10-22T04:26:59.001" /><!-- duration: 21ms -->
      <step title="Cleaning up temp folders from previous zip deployments and extracting pushed zip file /tmp/zipdeploy/fbf6a545-fe2d-4ce1-a459-d68727849a6f.zip (0.07 MB) to /tmp/zipdeploy/extracted" date="2025-10-22T04:26:59.129" >
        <step title="ChmodRecursive Process exited with total time taken in ms: 225" date="2025-10-22T04:26:59.586" /><!-- duration: 54ms -->
      </step><!-- duration: 524ms -->
      <step title="None repository commit" date="2025-10-22T04:26:59.699" >
        <step title="Commit id: 473c0f21-4dd8-472b-9d6b-48da257c6a14" date="2025-10-22T04:26:59.741" Message="OneDeploy" AuthorName="N/A" AuthorEmail="N/A" /><!-- duration: 25ms -->
      </step><!-- duration: 77ms -->
      <step title="Deployment timer started" date="2025-10-22T04:27:01.802" >
        <step title="DeploymentManager.Deploy(id:473c0f21-4dd8-472b-9d6b-48da257c6a14)" date="2025-10-22T04:27:01.811" >
          <step title="Collecting changeset information" date="2025-10-22T04:27:01.827" /><!-- duration: 110ms -->
          <step title="Updating submodules" date="2025-10-22T04:27:01.957" /><!-- duration: 1271ms -->
          <step title="Determining deployment builder" date="2025-10-22T04:27:03.481" >
            <step title="Builder is OneDeployBuilder" date="2025-10-22T04:27:03.492" /><!-- duration: 3ms -->
          </step><!-- duration: 18ms -->
          <step title="PreDeployment: context.CleanOutputPath False" date="2025-10-22T04:27:03.568" >
            <step title="PreDeployment: context.OutputPath /home/site/wwwroot" date="2025-10-22T04:27:03.707" >
              <step title="Building" date="2025-10-22T04:27:03.837" >
                <step title="Executing external process" date="2025-10-22T04:27:04.372" type="process" path="starter.sh" arguments="/opt/Kudu/Scripts/parallel_rsync.sh /tmp/zipdeploy/extracted /home/site/wwwroot 8 /tmp/ False False  " /><!-- duration: 3831ms -->
                <step title="Modified file to trigger a restart of the app container." date="2025-10-22T04:27:08.721" /><!-- duration: 9ms -->
                <step title="Skip function trigger and logicapp sync because function is not enabled." date="2025-10-22T04:27:08.758" /><!-- duration: 3ms -->
              </step><!-- duration: 6141ms -->
            </step><!-- duration: 6300ms -->
            <step title="Cleaning up temp files" date="2025-10-22T04:27:10.027" /><!-- duration: 47ms -->
            <step title="Cleaning up temp files" date="2025-10-22T04:27:10.093" /><!-- duration: 532ms -->
            <step title="Reloading status file with latest updates" date="2025-10-22T04:27:10.741" >
              <step title="WebHooksManager.PublishEventAsync: PostDeployment" date="2025-10-22T04:27:10.760" /><!-- duration: 188ms -->
            </step><!-- duration: 236ms -->
            <step title="Cleaning up temporary deployment - fetch deployment was successful" date="2025-10-22T04:27:10.999" /><!-- duration: 13ms -->
          </step><!-- duration: 7555ms -->
        </step><!-- duration: 9350ms -->
        <step title="Outgoing response" date="2025-10-22T04:27:11.233" type="response" statusCode="200" statusText="OK" /><!-- duration: 12ms -->
      </step><!-- duration: 9453ms -->
