<step title="Incoming Request" date="2025-10-22T04:55:33.931" instance="b52a0e" url="/api/publish?type=zip" method="POST" type="request" pid="822,1,30" Accept="*/*" Host="ecommerce-backend-1761025938.scm.azurewebsites.net" User-Agent="AZURECLI/2.78.0 (HOMEBREW)" Accept-Encoding="gzip, deflate" Authorization="Bea..." Cache-Control="no-cache" Content-Type="application/octet-stream" Cookie="ARRAffinity=b52a0e95239a69ec1d51e27f609b0a5686f7c63777a6973635d661be711de39f; ARRAffinitySameSite=b52a0e95239a69ec1d51e27f609b0a5686f7c63777a6973635d661be711de39f" Content-Length="73397" x-ms-client-request-id="45663f20-af03-11f0-aa2d-12dc909c9aaf" x-ms-artifact-checksum="447a7dbf33e4ab0b91c6121ada260a8d897fa37492799eea96aa408a1f8fd896" X-ARR-LOG-ID="45663f20-af03-11f0-aa2d-12dc909c9aaf" CLIENT-IP="115.112.126.114:19067" X-SITE-DEPLOYMENT-ID="ecommerce-backend-1761025938" WAS-DEFAULT-HOSTNAME="ecommerce-backend-1761025938.scm.azurewebsites.net" X-Forwarded-Proto="https" X-AppService-Proto="https" X-Forwarded-TlsVersion="1.3" X-WAWS-Unencoded-URL="/api/publish?type=zip" X-Client-IP="115.112.126.114" X-Client-Port="19067" >
  <step title="Cleanup Xml Logs" date="2025-10-22T04:55:33.935" /><!-- duration: 9ms -->
  <step title="OneDeploy" date="2025-10-22T04:55:33.971" >
    <step title="Starting PushDeployAsync" date="2025-10-22T04:55:33.980" /><!-- duration: 3ms -->
    <step title="Writing artifact to /tmp/zipdeploy/bb2ce3c4-253a-449c-8050-29dca6b5fe1a.zip" date="2025-10-22T04:55:34.006" >
      <step title="Writing multipart request body to /tmp/zipdeploy/bb2ce3c4-253a-449c-8050-29dca6b5fe1a.zip" date="2025-10-22T04:55:34.010" /><!-- duration: 5ms -->
    </step><!-- duration: 97ms -->
    <step title="Attempting to fetch target branch HEAD" date="2025-10-22T04:55:34.121" /><!-- duration: 4ms -->
    <step title="Acquiring Deployment Lock" date="2025-10-22T04:55:34.128" /><!-- duration: 7ms -->
    <step title="Acquired Deployment Lock" date="2025-10-22T04:55:34.170" /><!-- duration: 4ms -->
    <step title="Performing fetch based deployment" date="2025-10-22T04:55:34.180" >
      <step title="Creating temporary deployment" date="2025-10-22T04:55:34.184" /><!-- duration: 60ms -->
      <step title="Releasing Deployment Lock" date="2025-10-22T04:55:35.385" /><!-- duration: 5ms -->
      <step title="Cleaning up temp folders from previous zip deployments and extracting pushed zip file /tmp/zipdeploy/bb2ce3c4-253a-449c-8050-29dca6b5fe1a.zip (0.07 MB) to /tmp/zipdeploy/extracted" date="2025-10-22T04:55:35.427" >
        <step title="ChmodRecursive Process exited with total time taken in ms: 77" date="2025-10-22T04:55:35.567" /><!-- duration: 19ms -->
      </step><!-- duration: 169ms -->
      <step title="None repository commit" date="2025-10-22T04:55:35.607" >
        <step title="Commit id: b4f57486-8573-4cae-9e37-c99d37926544" date="2025-10-22T04:55:35.616" Message="OneDeploy" AuthorName="N/A" AuthorEmail="N/A" /><!-- duration: 4ms -->
      </step><!-- duration: 15ms -->
      <step title="Deployment timer started" date="2025-10-22T04:55:37.644" >
        <step title="DeploymentManager.Deploy(id:b4f57486-8573-4cae-9e37-c99d37926544)" date="2025-10-22T04:55:37.730" >
          <step title="Collecting changeset information" date="2025-10-22T04:55:37.866" /><!-- duration: 257ms -->
          <step title="Updating submodules" date="2025-10-22T04:55:38.192" /><!-- duration: 1260ms -->
          <step title="Determining deployment builder" date="2025-10-22T04:55:39.680" >
            <step title="Builder is OneDeployBuilder" date="2025-10-22T04:55:39.708" /><!-- duration: 3ms -->
          </step><!-- duration: 40ms -->
          <step title="PreDeployment: context.CleanOutputPath False" date="2025-10-22T04:55:39.783" >
            <step title="PreDeployment: context.OutputPath /home/site/wwwroot" date="2025-10-22T04:55:40.050" >
              <step title="Building" date="2025-10-22T04:55:40.249" >
                <step title="Executing external process" date="2025-10-22T04:55:40.793" type="process" path="starter.sh" arguments="/opt/Kudu/Scripts/parallel_rsync.sh /tmp/zipdeploy/extracted /home/site/wwwroot 8 /tmp/ False False  " /><!-- duration: 3235ms -->
                <step title="Modified file to trigger a restart of the app container." date="2025-10-22T04:55:44.412" /><!-- duration: 7ms -->
                <step title="Skip function trigger and logicapp sync because function is not enabled." date="2025-10-22T04:55:44.426" /><!-- duration: 11ms -->
              </step><!-- duration: 5199ms -->
            </step><!-- duration: 5404ms -->
            <step title="Cleaning up temp files" date="2025-10-22T04:55:45.464" /><!-- duration: 4ms -->
            <step title="Cleaning up temp files" date="2025-10-22T04:55:45.482" /><!-- duration: 512ms -->
            <step title="Reloading status file with latest updates" date="2025-10-22T04:55:46.023" >
              <step title="WebHooksManager.PublishEventAsync: PostDeployment" date="2025-10-22T04:55:46.032" /><!-- duration: 114ms -->
            </step><!-- duration: 126ms -->
            <step title="Cleaning up temporary deployment - fetch deployment was successful" date="2025-10-22T04:55:46.157" /><!-- duration: 3ms -->
          </step><!-- duration: 6446ms -->
        </step><!-- duration: 8504ms -->
        <step title="Outgoing response" date="2025-10-22T04:55:46.238" type="response" statusCode="200" statusText="OK" /><!-- duration: 5ms -->
      </step><!-- duration: 8603ms -->
