﻿<?xml version="1.0" encoding="utf-8"?>
<deployment>
  <id>49335da6-98be-41ea-a659-37882d4c5d92</id>
  <author>N/A</author>
  <deployer>Push-Deployer</deployer>
  <authorEmail>N/A</authorEmail>
  <message>Created via a push deployment</message>
  <progress></progress>
  <status>Success</status>
  <statusText></statusText>
  <lastSuccessEndTime>2025-10-21T05:57:09.1282356Z</lastSuccessEndTime>
  <receivedTime>2025-10-21T05:57:03.4219119Z</receivedTime>
  <startTime>2025-10-21T05:57:04.8659312Z</startTime>
  <endTime>2025-10-21T05:57:09.1282356Z</endTime>
  <complete>True</complete>
  <is_temp>False</is_temp>
  <is_readonly>True</is_readonly>
  <buildSummary />
</deployment>