﻿<?xml version="1.0" encoding="utf-8"?>
<deployment>
  <id>b31e73a0-ce6b-4e67-aec8-3d234246cdef</id>
  <author>N/A</author>
  <deployer>Push-Deployer</deployer>
  <authorEmail>N/A</authorEmail>
  <message>Created via a push deployment</message>
  <progress></progress>
  <status>Success</status>
  <statusText></statusText>
  <lastSuccessEndTime>2025-10-24T07:47:03.238104Z</lastSuccessEndTime>
  <receivedTime>2025-10-24T07:46:24.8115242Z</receivedTime>
  <startTime>2025-10-24T07:46:26.1707977Z</startTime>
  <endTime>2025-10-24T07:47:03.238104Z</endTime>
  <complete>True</complete>
  <is_temp>False</is_temp>
  <is_readonly>True</is_readonly>
  <buildSummary />
</deployment>