<step title="Incoming Request" date="2025-10-22T04:43:14.631" instance="b52a0e" url="/api/publish?type=zip" method="POST" type="request" pid="822,1,17" Accept="*/*" Host="ecommerce-backend-1761025938.scm.azurewebsites.net" User-Agent="AZURECLI/2.78.0 (HOMEBREW)" Accept-Encoding="gzip, deflate" Authorization="Bea..." Cache-Control="no-cache" Content-Type="application/octet-stream" Cookie="ARRAffinity=b52a0e95239a69ec1d51e27f609b0a5686f7c63777a6973635d661be711de39f; ARRAffinitySameSite=b52a0e95239a69ec1d51e27f609b0a5686f7c63777a6973635d661be711de39f" Content-Length="73397" x-ms-client-request-id="94a025e4-af01-11f0-9486-12dc909c9aaf" x-ms-artifact-checksum="447a7dbf33e4ab0b91c6121ada260a8d897fa37492799eea96aa408a1f8fd896" X-ARR-LOG-ID="94a025e4-af01-11f0-9486-12dc909c9aaf" CLIENT-IP="115.112.126.114:14863" X-SITE-DEPLOYMENT-ID="ecommerce-backend-1761025938" WAS-DEFAULT-HOSTNAME="ecommerce-backend-1761025938.scm.azurewebsites.net" X-Forwarded-Proto="https" X-AppService-Proto="https" X-Forwarded-TlsVersion="1.3" X-WAWS-Unencoded-URL="/api/publish?type=zip" X-Client-IP="115.112.126.114" X-Client-Port="14863" >
  <step title="OneDeploy" date="2025-10-22T04:43:14.723" >
    <step title="None repository commit" date="2025-10-22T04:43:14.740" >
      <step title="Commit id: 9e7a645e-a6d1-4601-9414-2df1f3ab6c56" date="2025-10-22T04:43:14.745" Message="N/A" AuthorName="N/A" AuthorEmail="N/A" /><!-- duration: 3ms -->
    </step><!-- duration: 11ms -->
    <step title="Starting PushDeployAsync" date="2025-10-22T04:43:14.781" /><!-- duration: 4ms -->
    <step title="Writing artifact to /tmp/zipdeploy/acfe7db4-a0d9-46d7-9200-2c6db11318b7.zip" date="2025-10-22T04:43:14.803" >
      <step title="Writing multipart request body to /tmp/zipdeploy/acfe7db4-a0d9-46d7-9200-2c6db11318b7.zip" date="2025-10-22T04:43:14.838" /><!-- duration: 18ms -->
    </step><!-- duration: 434ms -->
    <step title="Attempting to fetch target branch HEAD" date="2025-10-22T04:43:15.256" /><!-- duration: 4ms -->
    <step title="Acquiring Deployment Lock" date="2025-10-22T04:43:15.264" /><!-- duration: 4ms -->
    <step title="Acquired Deployment Lock" date="2025-10-22T04:43:15.311" /><!-- duration: 3ms -->
    <step title="Performing fetch based deployment" date="2025-10-22T04:43:15.327" >
      <step title="Creating temporary deployment" date="2025-10-22T04:43:15.331" /><!-- duration: 57ms -->
      <step title="Releasing Deployment Lock" date="2025-10-22T04:43:16.557" /><!-- duration: 7ms -->
      <step title="Cleaning up temp folders from previous zip deployments and extracting pushed zip file /tmp/zipdeploy/acfe7db4-a0d9-46d7-9200-2c6db11318b7.zip (0.07 MB) to /tmp/zipdeploy/extracted" date="2025-10-22T04:43:16.601" >
        <step title="ChmodRecursive Process exited with total time taken in ms: 48" date="2025-10-22T04:43:16.734" /><!-- duration: 8ms -->
      </step><!-- duration: 147ms -->
      <step title="None repository commit" date="2025-10-22T04:43:16.760" >
        <step title="Commit id: 9e7a645e-a6d1-4601-9414-2df1f3ab6c56" date="2025-10-22T04:43:16.764" Message="OneDeploy" AuthorName="N/A" AuthorEmail="N/A" /><!-- duration: 5ms -->
      </step><!-- duration: 13ms -->
      <step title="Deployment timer started" date="2025-10-22T04:43:18.787" >
        <step title="DeploymentManager.Deploy(id:9e7a645e-a6d1-4601-9414-2df1f3ab6c56)" date="2025-10-22T04:43:18.800" >
          <step title="Collecting changeset information" date="2025-10-22T04:43:18.829" /><!-- duration: 80ms -->
          <step title="Updating submodules" date="2025-10-22T04:43:18.917" /><!-- duration: 1175ms -->
          <step title="Determining deployment builder" date="2025-10-22T04:43:20.320" >
            <step title="Builder is OneDeployBuilder" date="2025-10-22T04:43:20.336" /><!-- duration: 3ms -->
          </step><!-- duration: 25ms -->
          <step title="PreDeployment: context.CleanOutputPath False" date="2025-10-22T04:43:20.404" >
            <step title="PreDeployment: context.OutputPath /home/site/wwwroot" date="2025-10-22T04:43:20.538" >
              <step title="Building" date="2025-10-22T04:43:20.694" >
                <step title="Executing external process" date="2025-10-22T04:43:21.365" type="process" path="starter.sh" arguments="/opt/Kudu/Scripts/parallel_rsync.sh /tmp/zipdeploy/extracted /home/site/wwwroot 8 /tmp/ False False  " /><!-- duration: 4510ms -->
                <step title="Modified file to trigger a restart of the app container." date="2025-10-22T04:43:26.428" /><!-- duration: 4ms -->
                <step title="Skip function trigger and logicapp sync because function is not enabled." date="2025-10-22T04:43:26.437" /><!-- duration: 15ms -->
              </step><!-- duration: 6547ms -->
            </step><!-- duration: 6713ms -->
            <step title="Cleaning up temp files" date="2025-10-22T04:43:27.255" /><!-- duration: 4ms -->
            <step title="Cleaning up temp files" date="2025-10-22T04:43:27.270" /><!-- duration: 509ms -->
            <step title="Reloading status file with latest updates" date="2025-10-22T04:43:27.823" >
              <step title="WebHooksManager.PublishEventAsync: PostDeployment" date="2025-10-22T04:43:27.833" /><!-- duration: 103ms -->
            </step><!-- duration: 122ms -->
            <step title="Cleaning up temporary deployment - fetch deployment was successful" date="2025-10-22T04:43:27.951" /><!-- duration: 3ms -->
          </step><!-- duration: 7618ms -->
        </step><!-- duration: 9229ms -->
        <step title="Outgoing response" date="2025-10-22T04:43:28.040" type="response" statusCode="200" statusText="OK" /><!-- duration: 7ms -->
      </step><!-- duration: 9264ms -->
