﻿<?xml version="1.0" encoding="utf-8"?>
<deployment>
  <id>9e7a645e-a6d1-4601-9414-2df1f3ab6c56</id>
  <author>N/A</author>
  <deployer>OneDeploy</deployer>
  <authorEmail>N/A</authorEmail>
  <message>OneDeploy</message>
  <progress></progress>
  <status>Success</status>
  <statusText></statusText>
  <lastSuccessEndTime>2025-10-22T04:43:26.8275489Z</lastSuccessEndTime>
  <receivedTime>2025-10-22T04:43:18.8558898Z</receivedTime>
  <startTime>2025-10-22T04:43:20.2476421Z</startTime>
  <endTime>2025-10-22T04:43:26.8275489Z</endTime>
  <complete>True</complete>
  <is_temp>False</is_temp>
  <is_readonly>True</is_readonly>
  <buildSummary />
</deployment>