﻿<?xml version="1.0" encoding="utf-8"?>
<deployment>
  <id>dfc2bf12-7966-4678-b7df-696612bcc6df</id>
  <author>N/A</author>
  <deployer>OneDeploy</deployer>
  <authorEmail>N/A</authorEmail>
  <message>OneDeploy</message>
  <progress></progress>
  <status>Success</status>
  <statusText></statusText>
  <lastSuccessEndTime>2025-10-22T05:55:35.8242409Z</lastSuccessEndTime>
  <receivedTime>2025-10-22T05:55:30.4270354Z</receivedTime>
  <startTime>2025-10-22T05:55:31.9132053Z</startTime>
  <endTime>2025-10-22T05:55:35.8242409Z</endTime>
  <complete>True</complete>
  <is_temp>False</is_temp>
  <is_readonly>True</is_readonly>
  <buildSummary />
</deployment>