﻿<?xml version="1.0" encoding="utf-8"?>
<deployment>
  <id>b4f57486-8573-4cae-9e37-c99d37926544</id>
  <author>N/A</author>
  <deployer>OneDeploy</deployer>
  <authorEmail>N/A</authorEmail>
  <message>OneDeploy</message>
  <progress></progress>
  <status>Success</status>
  <statusText></statusText>
  <lastSuccessEndTime>2025-10-22T04:55:44.8347822Z</lastSuccessEndTime>
  <receivedTime>2025-10-22T04:55:37.9618877Z</receivedTime>
  <startTime>2025-10-22T04:55:39.6134016Z</startTime>
  <endTime>2025-10-22T04:55:44.8347822Z</endTime>
  <complete>True</complete>
  <is_temp>False</is_temp>
  <is_readonly>True</is_readonly>
  <buildSummary />
</deployment>