﻿<?xml version="1.0" encoding="utf-8"?>
<deployment>
  <id>3f8bce0a-4ae6-455d-b7d8-9fb687c67abe</id>
  <author>N/A</author>
  <deployer>OneDeploy</deployer>
  <authorEmail>N/A</authorEmail>
  <message>OneDeploy</message>
  <progress></progress>
  <status>Success</status>
  <statusText></statusText>
  <lastSuccessEndTime>2025-10-22T05:43:07.6456883Z</lastSuccessEndTime>
  <receivedTime>2025-10-22T05:43:02.1227372Z</receivedTime>
  <startTime>2025-10-22T05:43:03.4807875Z</startTime>
  <endTime>2025-10-22T05:43:07.6456883Z</endTime>
  <complete>True</complete>
  <is_temp>False</is_temp>
  <is_readonly>True</is_readonly>
  <buildSummary />
</deployment>